{"beats": [2.570000,3.081121,3.592241,4.103362,4.614482,5.125603,5.636723,6.147844,6.658964,7.170085,7.681205,8.192326,8.703446,9.214567,9.725688,10.236808,10.747929,11.259049,11.770170,12.281290,12.792411,13.303531,13.814652,14.325772,14.836893,15.348013,15.859134,16.370255,16.881375,17.392496,17.903616,18.414737,18.925857,19.436978,19.948098,20.459219,20.970339,21.481460,21.992580,22.503701,23.014822,23.525942,24.037063,24.548183,25.059304,25.570424,26.081545,26.592665,27.103786,27.614906,28.126027,28.637148,29.148268,29.659389,30.170509,30.681630,31.192750,31.703871,32.214991,32.726112,33.237232,33.748353,34.259473,34.770594,35.281715,35.792835,36.303956,36.815076,37.326197,37.837317,38.348438,38.859558,39.370679,39.881799,40.392920,40.904040,41.415161,41.926282,42.437402,42.948523,43.459643,43.970764,44.481884,44.993005,45.504125,46.015246,46.526366,47.037487,47.548607,48.059728,48.570849,49.081969,49.593090,50.104210,50.615331,51.126451,51.637572,52.148692,52.659813,53.170933,53.682054,54.193174,54.704295,55.215416,55.726536,56.237657,56.748777,57.259898,57.771018,58.282139,58.793259,59.304380,59.815500,60.326621,60.837741,61.348862,61.859983,62.371103,62.882224,63.393344,63.904465,64.415585,64.926706,65.437826,65.948947,66.460067,66.971188,67.482309,67.993429,68.504550,69.015670,69.526791,70.037911,70.549032,71.060152,71.571273,72.082393,72.593514,73.104634,73.615755,74.126876,74.637996,75.149117,75.660237,76.171358,76.682478,77.193599,77.704719,78.215840,78.726960,79.238081,79.749201,80.260322,80.771443,81.282563,81.793684,82.304804,82.815925,83.327045,83.838166,84.349286,84.860407,85.371527,85.882648,86.393768,86.904889,87.416010,87.927130,88.438251,88.949371,89.460492,89.971612,90.482733,90.993853,91.504974,92.016094,92.527215,93.038335,93.549456,94.060577,94.571697,95.082818,95.593938,96.105059,96.616179,97.127300,97.638420,98.149541,98.660661,99.171782],"artist":"VRWorkout","length": 99.68}
